Continent,2022 Population,Area (km²),Growth Rate,World Population Percentage,Average Density (per km²)
Asia,4721383274,32138141,1.009384,59.21,146.91
Africa,1426730932,30317963,1.021243859649123,17.89,47.06
Europe,743147538,23010411,1.002256,9.32,32.3
North America,600296136,24244178,1.004175,7.53,24.76
South America,436816608,17833382,1.0079571428571428,5.48,24.49
Oceania,45038554,8515081,1.0073826086956523,0.56,5.29
